[
  {
    "id": 1,
    "tagline": "Digital",
    "title": "Storytellers",
    "text": "Duis autem vel eum iriure dolor in hendrerit in vul esse molestie consequat vel illum veridolore eu fer feugiat eorum claritatem..."
  },
  {
    "id": 2,
    "tagline": "Branding",
    "title": "Award Winning",
    "text": "Duis autem vel eum iriure dolor in hendrerit in vul esse molestie consequat vel illum veridolore eu fer feugiat eorum claritatem..."
  },
  {
    "id": 3,
    "tagline": "Marketing",
    "title": "Grow Business",
    "text": "Duis autem vel eum iriure dolor in hendrerit in vul esse molestie consequat vel illum veridolore eu fer feugiat eorum claritatem..."
  }
]
