[
  {
    "id": 1,
    "icon": "icon-puzzle",
    "title": "Design",
    "classes": "icon-tools",
    "text": "Web design is the process of creating websites. It encompasses several different aspects, including webpage layout."
  },
  {
    "id": 2,
    "icon": "icon-globe",
    "title": "Development",
    "classes": "icon-globe",
    "text": "Web development refers to building, creating, and an maintaining websites. It includes aspects such as web design."
  },
  {
    "id": 3,
    "icon": "icon-gears",
    "title": "Testing",
    "classes": "icon-mobile",
    "text": "Test design is a process that describes “how” testing should be done. It includes processes for the identifying test cases."
  },
  {
    "id": 4,
    "icon": "icon-browser",
    "title": "Live",
    "classes": "icon-browser",
    "text": "Web testing is a software testing practice to test websites or web applications for potential bugs. It's a complete testing."
  }
]
